sha256	file
3ef2bb3c655aea47388786ada233f877d507d3009b569385575de06d97294bb6	data/nbody_sweep_n10_d1_s2026081510.npz
935c9dfe663838a8d1e4cce912acbbf87eef7e739e80c2b019573c5921821512	data/nbody_sweep_n10_d1_s2026081511.npz
641546dc898752b7cbe0f341974920b213d7ca79fe7c837fb85bf707287df407	data/nbody_sweep_n10_d1_s2026081512.npz
df823edb45f11b33b5538533d64de119617f3df95f7459cf3df8738c64a8ffe2	data/nbody_sweep_n10_d2_s2026081520.npz
2ba2d89a1d271a93ef1487522fe1896091500432c1059828dd8bcf5e3ab4ed88	data/nbody_sweep_n10_d2_s2026081521.npz
9c5fde8f3e52de63c613ca8b688dc1a7ea281d4c94228ff6b4ebfad340a6de0b	data/nbody_sweep_n10_d2_s2026081522.npz
997b2c949c01a0bc6d383ee8d06970f730c3a2056808c7de49a54ba58116590e	data/nbody_sweep_n10_d3_s2026081530.npz
97c922f65abe474c0cabe7186827b5a1c7b10509fe0d642db6e30113511bbd0d	data/nbody_sweep_n10_d3_s2026081531.npz
0f9034700befd9fda8e5cd15e28a7ecc60dc2144a9cf173c83ea5f5136783741	data/nbody_sweep_n10_d3_s2026081532.npz
5e44369be6fe9f0e1eae5f64348486536357b79737c4ea521e64b1bb29ce0754	data/nbody_sweep_n2_d1_s2026080710.npz
d057a990ed0ceb64f0dc46c98f29203ce1dcbada1cdcbf9a6b2e0717623c6e08	data/nbody_sweep_n2_d1_s2026080711.npz
62bdb8db547f54a4e743df713a9980ae266998fe7a9939ac6cfa43f84f1af8cb	data/nbody_sweep_n2_d1_s2026080712.npz
72c053be9a9801e8d72ca95b7c14a29782e2715f0b8cf5a99d945d53629c7410	data/nbody_sweep_n2_d2_s2026080720.npz
dd08475674494e3c8ca110b9dfcea81e7296c6791ffeba0f4f556acb46ff758c	data/nbody_sweep_n2_d2_s2026080721.npz
330d2170286e05ff28a7fca39aaacc1d5518d80426bec72c1dec87d614c7c0e8	data/nbody_sweep_n2_d2_s2026080722.npz
970d205d6e4376d1b8b4493075e2d92998509bd5331124dfe526cd2c92c0c4bd	data/nbody_sweep_n2_d3_s2026080730.npz
5f77ab36c230b27b524a96e4f33b78c4e78b8470f48631ab45f59615940be57e	data/nbody_sweep_n2_d3_s2026080731.npz
a98d69d1632bef2a8248770aa5aa7c6f40cbd2952bfd571db8a57ca463d987a5	data/nbody_sweep_n2_d3_s2026080732.npz
c78d50692ddfd60a0ba7a542e10c5649edf182143e1c79fc55c5555a12f64897	data/nbody_sweep_n4_d1_s2026080910.npz
234c6c21e714d6bf9fb9f7c58a017657cc963e3f9213f0bc67bbcdfb408fbc3b	data/nbody_sweep_n4_d1_s2026080911.npz
23477170995ffd7dc9f807980cd72a2d989c84e646e2958c33cdb8867518c503	data/nbody_sweep_n4_d1_s2026080912.npz
bf74234aebbbfad537cbcdaebf9fdb716607c9d507b314652af8ab1bb9f4a0a9	data/nbody_sweep_n4_d2_s2026080920.npz
6e254189fb00dfc48f105139ab0889817fe8a333591033eab210158b1fc71cc8	data/nbody_sweep_n4_d2_s2026080921.npz
c5ccdbc7c8cb44dc3e29150e03322c48cea3f0d62699789ea6a254aafbaf5ded	data/nbody_sweep_n4_d2_s2026080922.npz
91fad23e1243c924d4c424ef2973462d100b0bc11c92b1cd2cc886d149af4c18	data/nbody_sweep_n4_d3_s2026080930.npz
16d6a5dcccc4f1b53d85dff8695571e6ca59a2ed479df6c41ae803a54ddd137f	data/nbody_sweep_n4_d3_s2026080931.npz
52a38b5916052c879996eb80179ccdd2d900d86e4a7949312a1d3b0335e03fb4	data/nbody_sweep_n4_d3_s2026080932.npz
